datetime,reason,weight,is_member,channel_id,author_name,message,processed_msg
2022-02-14 18:11:44,name_2_words_msg_jp,0,False,UCGlxMq_ykvY9pzSXm0IouOA,Tablet tube,Twitch行ったらホロの同接なんてバグってる今と変わらんと思うが運営からは大分重宝されるだろうな ,['Twitch行ったらホロの同接なんてバグってる今と変わらんと思うが運営からは大分重宝されるだろうな']
2022-02-14 18:11:45,name_2_words_msg_jp,0,False,UCMsZ1_rJUjWok1DHN5_lC7A,Laurence Wiersma,あくたんがソロマスやってて壊れかけてた頃が懐かしい ,['あくたんがソロマスやってて壊れかけてた頃が懐かしい']
2022-02-14 18:11:45,name_2_words_msg_jp,0,False,UCkXWqGUUjDcBnA3W4eSYmvg,Karen Carlsom,有りスレになってだいぶマシになってんだぜ ,['有りスレになってだいぶマシになってんだぜ']
2022-02-14 18:11:45,name_2_words_msg_jp,0,False,UCfTcKK6pj-J1FNwHyswTDhQ,Benny Daila,触れなかったら歌みたまで出してるのになんで触れないんだっていうじゃん？ ,['触れなかったら歌みたまで出してるのになんで触れないんだっていうじゃん？']
2022-02-14 18:11:46,name_2_words_msg_jp,0,False,UCVWHQOI3rRW1uv86ZBwN0Aw,daveb davan y,サバイバーには空腹度やのどの渇きが設定されており、行動していると空腹になったり喉が渇くので、水や食料を摂取する必要がある。,['サバイバーには空腹度やのどの渇きが設定されており、行動していると空腹になったり喉が渇くので、水や食料を摂取する必要がある。']
2022-02-14 18:11:46,name_2_words_msg_jp,0,False,UCnrx6EJx4R1to1NE5jLvnrA,Darron Loyd,登録者数1万くらいのVtuber見てて普通に面白いんだが ,['登録者数1万くらいのVtuber見てて普通に面白いんだが']
2022-02-14 18:11:46,name_2_words_msg_jp,0,False,UCfLpPE4ZivxDb3H0QYLItgg,Sionme Cyresaw,ホロはと違った方向性で外部だと腫れ物になる可能性あるから慎重なだけでしょ ,['ホロはと違った方向性で外部だと腫れ物になる可能性あるから慎重なだけでしょ']
2022-02-14 18:11:47,name_2_words_msg_jp,0,False,UCTBVme2gH0nsXNsNfbouolg,Andi Dukagjini,日本語少しならわかるしこのスレに常駐してるぞ ,['日本語少しならわかるしこのスレに常駐してるぞ']
2022-02-14 18:11:47,name_2_words_msg_jp,0,False,UC4Ng71_QNsqe-oH8hr3PhHA,Son Mccandless,だって初心者が廃人プレイの最適行動しないとガイガイされるんだもの ,['だって初心者が廃人プレイの最適行動しないとガイガイされるんだもの']
2022-02-14 18:11:47,name_2_words_msg_jp,0,False,UCHFGNonoUFmEJ6DBEGPZzyw,krento Dersilia,後半まで目に入れさせるために初めは読もうと思う内容にするとか悪質だな ,['後半まで目に入れさせるために初めは読もうと思う内容にするとか悪質だな']
2022-02-14 18:11:49,name_2_words_msg_jp,0,False,UCKetpS9IQyno8UolZ7W8Fow,melly marton,Vと食レポって相性悪そうだけどそれでもここまで質出せるのは素直にすごいと思うわ ,['Vと食レポって相性悪そうだけどそれでもここまで質出せるのは素直にすごいと思うわ']
2022-02-14 18:11:49,name_2_words_msg_jp,0,False,UC0tfRyteUUPHuK2NPtUM39g,roseaz norynaua,悩まずとも分かるよね？ここの2大巨頭の野うさぎと雪民が対立煽りしてるわ ,['悩まずとも分かるよね？ここの2大巨頭の野うさぎと雪民が対立煽りしてるわ']
2022-02-14 18:11:49,name_2_words_msg_jp,0,False,UCgDt8npx7jKq1W4I9TfOrIA,Thera Steedman,つまりアンタタチに感謝しか無いいつも見に来てくれてありがとうぺこね」 ,['つまりアンタタチに感謝しか無いいつも見に来てくれてありがとうぺこね」']
2022-02-14 18:11:49,name_2_words_msg_jp,0,False,UCF65E6GH1kQ8F-RClIPpJ5w,Ralphina Stromberg,ここの拗らせたおじさんは怒りそうだけどw ,['ここの拗らせたおじさんは怒りそうだけどw']
2022-02-14 18:11:50,name_2_words_msg_jp,0,False,UCbKa-Er9M1u4Y6nfMoCeIVw,Aleks Musaj,別にゲーム配信しなきゃいけないって決まりはない ,['別にゲーム配信しなきゃいけないって決まりはない']
2022-02-14 18:11:50,name_2_words_msg_jp,0,False,UC_4gF7oYMgF7EOn75xYeG7w,Gersi Prifti,引きこもるから眠くなったりしんどくなるんだよ ,['引きこもるから眠くなったりしんどくなるんだよ']
2022-02-14 18:11:50,name_2_words_msg_jp,0,False,UC_GKTG2Vron4qKyC5TeOKuA,Nghi Xuân Trình,引退前にジェネシス2のサバまで用意して辞めてった ,['引退前にジェネシス2のサバまで用意して辞めてった']
2022-02-14 18:11:50,name_2_words_msg_jp,0,False,UCgnApBHjP-qVjw8mA87WUBQ,rose sunny,今までぺっさんの声かわいいなって思ってたけど毎日ござるとか山田の声聞いてたらぺっさんの声が汚く聞こえてきたわ ,['今までぺっさんの声なって思ってたけど毎日ござるとか山田の声聞いてたらぺっさんの声が汚く聞こえてきたわ']
2022-02-14 18:11:50,name_2_words_msg_jp,0,False,UCYbXPc6d0av3qKfrcUMgM2Q,Gloria Fuller,何を言っても冷めチキで言い返せなくなるからTwitterか公式コメに引きこもるか別板のスレに逃げ込むかするだろ,['何を言っても冷めチキで言い返せなくなるからTwitterか公式コメに引きこもるか別板のスレに逃げ込むかするだろ']
2022-02-14 18:11:50,name_2_words_msg_jp,0,False,UCw-Wp-ODo3Y-IhYRllRmAsA,Baniga Babu,そうじゃないのはミオしゃの占いが当たることをみんな知ってるからか ,['そうじゃないのはミオしゃの占いが当たることをみんな知ってるからか']
2022-02-14 18:11:50,name_2_words_msg_jp,0,False,UCwl_Hx52hFtQIkmIgair-nw,herry patter,な？アフィカス記事ができない流れになると ,['な？アフィカス記事ができない流れになると']
2022-02-14 18:11:50,slow_mode_hit,0,False,UCB0cByKxDv1aWc6v5jnmW3w,破軍歌姫,口車で人を惑わすばかり、その結果で自分の会社が崩壊前になったは誇るべきことが？クビになった後のバイト先はみつかったのが？ファンネルを使い回し、他のホロメンを炎上するのは楽しいがい？,['口車で人を惑わすばかり、その結果で自分の会社が崩壊前になったは誇るべきことが？クビになった後のバイト先はみつかったのが？ファンネルを使い回し、他のホロメンを炎上するのは楽しいがい？']
2022-02-14 18:11:51,slow_mode_hit,0,False,UCB0cByKxDv1aWc6v5jnmW3w,破軍歌姫,今のコラボ対象よ、会長の尻尾の方が温かくない？,['今のコラボ対象よ、会長の尻尾の方が温かくない？']
2022-02-14 18:11:51,slow_mode_hit,0,False,UCJVwTH_hrzxOyFeUQ440EXQ,青森県さんです,そろそろ諦め、自腹でマリンのALT企画を埋め合わせたらどうですか？,['そろそろ諦め、自腹でマリンのALT企画を埋め合わせたらどうですか？']
2022-02-14 18:11:51,slow_mode_hit,0,False,UCJVwTH_hrzxOyFeUQ440EXQ,青森県さんです,オメェは案件コンテンツの楽しさすら知らないくせに、wiki読んだだけで案件貰えたいなんで笑止千万だ,['オメェは案件コンテンツの楽しさすら知らないくせに、wiki読んだだけで案件貰えたいなんで笑止千万だ']
2022-02-14 18:11:51,id_in_block_list,0,False,UCJVwTH_hrzxOyFeUQ440EXQ,青森県さんです,フブはこんな嫉妬と嫌味の化け物に成り下がって後輩を攻撃し始めるとは想像もしてなかった,['フブはこんな嫉妬と嫌味の化け物に成り下がって後輩を攻撃し始めるとは想像もしてなかった']
2022-02-14 18:11:51,id_in_block_list,0,False,UCJVwTH_hrzxOyFeUQ440EXQ,青森県さんです,マリン主役の漫画がなくなっから、親方のも消えたみたいね、さすがホロライブの柱,['マリン主役の漫画がなくなっから、親方のも消えたみたいね、さすがホロライブの柱']
2022-02-14 18:11:52,name_2_words_msg_jp,0,False,UCQkzUt0XLP6MW_Mc10AeXoA,Donna Schultz,大学でも韓国人留学生いるし社会人になってから会うこともあるよな普通 ,['大学でも韓国人留学生いるし社会人になってから会うこともあるよな普通']
2022-02-14 18:11:53,name_2_words_msg_jp,0,False,UCkFJ39oUHzhuWZitAohj0Dg,blore iopue,それをスパゴリの一言で笑いに変えて評価されてた記憶あるわ ,['それをスパゴリの一言で笑いに変えて評価されてた記憶あるわ']
2022-02-14 18:11:53,name_2_words_msg_jp,0,False,UCIKHogROzJP7T2UXjLTOF7w,Rene Rosendahl,一般の方々からの専用通報窓口も設置し、初動対応の迅速化に努めております。,['一般の方々からの専用通報窓口も設置し、初動対応の迅速化に努めております。']
2022-02-14 18:11:56,name_2_words_msg_jp,0,False,UCOgJiOTM4EdPaPZo-S0InrA,rachela tuckaerad,ココ引退で中国が嫌いなのはわかるけど ,['ココ引退で中国が嫌いなのはわかるけど']
2022-02-14 18:11:56,name_2_words_msg_jp,0,False,UCr9ZrILRatPbzxGOBA8bvFw,Juita Polla,マジでこの界隈が死にそうでやばいです ,['マジでこの界隈が死にそうでやばいです']
2022-02-14 18:11:58,name_2_words_msg_jp,0,False,UCMxxKwfKiTRQ5zBGyR4PHcw,Jarred Maxfield,いつものキャラ可愛いおもしろ～い確定 ,['いつものキャラ可愛いおもしろ～い確定']
2022-02-14 18:12:00,name_2_words_msg_jp,0,False,UCC_3WNzCq89i3Tjr8nFtVhA,larry stanly,配信はしたい時にするのが一番いいのを2期が証明してくれてるよね ,['配信はしたい時にするのが一番いいのを2期が証明してくれてるよね']
2022-02-14 18:12:02,name_2_words_msg_jp,0,False,UCBAg92RiQzBLXLsF4c18YLg,Janet Valentinyy,なんだかんだ6期メンバー入りたくなる奴いなかったわ ,['なんだかんだ6期メンバー入りたくなる奴いなかったわ']
2022-02-14 18:12:03,name_2_words_msg_jp,0,False,UCVlMeO9ZSqnMCy9vu899iSA,lois minga,年初の男コラボするけどマネージャー間に入れるって約束もどこいったんだよ ,['年初の男コラボするけどマネージャー間に入れるって約束もどこいったんだよ']
2022-02-14 18:12:03,name_2_words_msg_jp,0,False,UCNei5VSVuobJQSDfoWtyBEQ,Reyyua Rober,１月から落ち着くとは言ってるけど辞めるのかは知らん ,['１月から落ち着くとは言ってるけど辞めるのかは知らん']
2022-02-14 18:12:05,name_2_words_msg_jp,0,False,UCsRCZHt7yUdaMjXVnBeH1Kw,Kirby Houle,発表タイミングが固まり次第、再度ご報告いたしますので、楽しみにお待ち下さい。 ,['発表タイミングが固まり次第、再度ご報告いたしますので、楽しみにお待ち下さい。']
2022-02-14 18:12:06,name_2_words_msg_jp,0,False,UCjGnQGjgCnRSwq7PQI8MVSA,Florence Masseys,ブロック報告、フィードバック送信お勧めです,['ブロック報告、フィードバック送信お勧めです']
2022-02-14 18:12:08,name_2_words_msg_jp,0,False,UC-H_7lkmFWrxRCydrTcN_7Q,Dennis gibson,ぺこらは登録に関してはもうネガキャン定着してるから難しいんじゃね ,['ぺこらは登録に関してはもうネガキャン定着してるから難しいんじゃね']
2022-02-14 18:12:09,name_2_words_msg_jp,0,False,UCjlU77PnfkzvoFsZONQAnlQ,Edward Stephenso,フブちゃんのlove&joy踊ってみた動画みたいね,['フブちゃんのlove&joy踊ってみた動画みたいね']
2022-02-14 18:12:10,slow_mode_hit,0,False,UCSttfydZ_5TD6jQYXijoGSg,Cryo,bilbilにあ もるにゃうさんのLoveandJOYダンス好き,"['bilbilにあ', 'もるにゃうさんのLoveandJOYダンス好き']"
2022-02-14 18:12:10,slow_mode_hit,0,False,UCctm-mKCkdu3M2kup4WWTXA,納耶,て、いつする？ミオっちのタイガーが横飛びくらにひっかく家合宿,['て、いつする？ミオっちのタイガーが横飛びくらにひっかく家合宿']
2022-02-14 18:12:10,slow_mode_hit,0,False,UCSttfydZ_5TD6jQYXijoGSg,Cryo,whee is your family member？I can't see them,"['whee', 'is', 'your', 'family', 'member？I', ""can't"", 'see', 'them']"
2022-02-14 18:12:10,slow_mode_hit,0,False,UCctm-mKCkdu3M2kup4WWTXA,納耶,人員補充の理由は他に汚職の事件があったから、でも汚職したやつはとっくに首にされて警に捕まえられた。,['人員補充の理由は他に汚職の事件があったから、でも汚職したやつはとっくに首にされて警に捕まえられた。']
2022-02-14 18:12:10,id_in_block_list,0,False,UCctm-mKCkdu3M2kup4WWTXA,納耶,僕たちの会社の使命として、才能のある配信者の方がVTuberとして世界中のファンの方を魅了できるような環境づりを行っていきたいと考えています。そして、この取り組みに性別や国籍は関係ありません。,['僕たちの会社の使命として、才能のある配信者の方がVTuberとして世界中のファンの方を魅了できるような環境づりを行っていきたいと考えています。そして、この取り組みに性別や国籍は関係ありません。']
2022-02-14 18:12:10,id_in_block_list,0,False,UCctm-mKCkdu3M2kup4WWTXA,納耶,「枕営業無縁」のスキルを持つフブキさんは本当に営業にうってつけだね 君がホロライブのみんなを守ったか（大噓,"['「枕営業無縁」のスキルを持つフブキさんは本当に営業にうってつけだね', '君がホロライブのみんなを守ったか（大噓']"
2022-02-14 18:12:10,id_in_block_list,0,False,UCSttfydZ_5TD6jQYXijoGSg,Cryo,白上ブキ、ボットを操る程度の能力,['白上ブキ、ボットを操る程度の能力']
2022-02-14 18:12:11,name_2_words_msg_jp,0,False,UCCFyo6lzz6rLKoXZERC-8dw,Coleman Retana,VTuberのコメントの傾向と視聴方法の特殊さはマジで日本特有過ぎるから、 ,['VTuberのコメントの傾向と視聴方法の特殊さはマジで日本特有過ぎるから、']
2022-02-14 18:12:14,name_2_words_msg_jp,0,False,UCHF4orUcWxw8Q3TBC898glg,Sherika Holliman,家族を裏切ったフブちゃんは、今更家族に頼りになる？,['家族を裏切ったフブちゃんは、今更家族に頼りになる？']
2022-02-14 18:12:14,name_2_words_msg_jp,0,False,UCSRSp7G_s9SYrwdb_jbTV9Q,merry kella,ホロメンの限定直筆とか昔は一週間は残ってたよな ,['ホロメンの限定直筆とか昔は一週間は残ってたよな']
2022-02-14 18:12:15,name_2_words_msg_jp,0,False,UCnYmILH2RE8aPtVlaROarsg,Disha kreny,実家から離れて 体調管理出来なくて壊れたんだろ 長期休暇で心身が戻らなくなっちゃったからな ,"['実家から離れて', '体調管理出来なくて壊れたんだろ', '長期休暇で心身が戻らなくなっちゃったからな']"
2022-02-14 18:12:15,name_2_words_msg_jp,0,False,UC8QFl9hmKnZ8E4QKw_8VnIw,Jaeasmi Guni,無能解説の件もマリン叩きながらアフィ連呼してる ,['無能解説の件もマリン叩きながらアフィ連呼してる']
2022-02-14 18:12:15,name_2_words_msg_jp,0,False,UC0CUKxKIsXUiI6t2e7xl7tA,Angelica Ellis,Youtubeくんはそろそろ登録者数の闇にもメスを入れるべき ,['Youtubeくんはそろそろ登録者数の闇にもメスを入れるべき']
2022-02-14 18:12:16,name_2_words_msg_jp,0,False,UChZYgowmRZYtSGwphHOmWxg,Bradyn Peterson,俺も初めて人狼で見た時皮肉多いやつだなとか思ったし ,['俺も初めて人狼で見た時皮肉多いやつだなとか思ったし']
2022-02-14 18:12:16,name_2_words_msg_jp,0,False,UCWFwJdSRHhmpPP65deMRbQQ,Nurr Esmotara,こよちょこコラボで待機所扱いの山田にダブルスコアつけられてるけど大丈夫なんか？ ,['こよちょこコラボで待機所扱いの山田にダブルスコアつけられてるけど大丈夫なんか？']
2022-02-14 18:12:16,slow_mode_hit,0,False,UCKKYtR1LB-gOXWHR7-0cobQ,潘PAN,堅実に行かない案件は貰えないよ 君が今更堅実しても遅いけど,"['堅実に行かない案件は貰えないよ', '君が今更堅実しても遅いけど']"
2022-02-14 18:12:16,slow_mode_hit,0,False,UCKKYtR1LB-gOXWHR7-0cobQ,潘PAN,建築王の時にフォローてくれないのくせに,['建築王の時にフォローてくれないのくせに']
2022-02-14 18:12:16,name_2_words_msg_jp,0,False,UCIeSoDteVosKOOzfcXFILsQ,Sam karan y,もう正義というものが通用する次元ではない ,['もう正義というものが通用する次元ではない']
2022-02-14 18:12:17,name_2_words_msg_jp,0,False,UCTuUuJeACL4UQ_owaK_jlvA,Bartels Johng,いつもぺこらが率先して新作とか面白そうなゲーム見つけてくるし ,['いつもぺこらが率先して新作とか面白そうなゲーム見つけてくるし']
2022-02-14 18:12:17,name_2_words_msg_jp,0,False,UCy76CQTjY84D_hPOhd2N3Ag,yatti tenda,ホロライブさん、海外人気でにじさんじにボロ負けして逆転される模様,['ホロライブさん、海外人気でにじさんじにボロ負けして逆転される模様']
2022-02-14 18:12:18,name_2_words_msg_jp,0,False,UCXdkHD2GFnEO_KxsuPbkH4Q,goiur treou,つまりアンタタチに感謝しか無いいつも見に来てくれてありがとうぺこね」 ,['つまりアンタタチに感謝しか無いいつも見に来てくれてありがとうぺこね」']
2022-02-14 18:12:18,name_2_words_msg_jp,0,False,UCPJdc1vwuZQmub6ywfDArqw,Neritan Xhafa,Twitchの釈迦とかスタヌクラスですら大会とか出まくっても 普段の配信は2万の前後だし ,"['Twitchの釈迦とかスタヌクラスですら大会とか出まくっても', '普段の配信は2万の前後だし']"
2022-02-14 18:12:18,name_2_words_msg_jp,0,False,UCkLq0E2XW05MP6lvftDYmgg,Lara Stevens,#兎田ぺこら 分に関しては、他の3期生と数を合わせるように新衣装制作を進めております。,"['#兎田ぺこら', '分に関しては、他の3期生と数を合わせるように新衣装制作を進めております。']"
2022-02-14 18:12:18,id_in_block_list,0,False,UCctm-mKCkdu3M2kup4WWTXA,納耶,鏡よ鏡、このホロライブで一番”親方”にふさしいのは誰？,['鏡よ鏡、このホロライブで一番”親方”にふさしいのは誰？']
2022-02-14 18:12:18,id_in_block_list,0,False,UCSttfydZ_5TD6jQYXijoGSg,Cryo,建築王の時にかわいいまつりちゃんを濡れ衣を着せた悪い女まだ来ちゃった！,['建築王の時にまつりちゃんを濡れ衣を着せた悪い女まだ来ちゃった！']
2022-02-14 18:12:19,name_2_words_msg_jp,0,False,UC2Z4IZ6yG_7_2EnbZoUGxXw,Rubina Kimuu,みこち、山田の収益剥奪をチャットで知る 驚きつつどうせすぐ戻るやつでしょーとコメント ,"['みこち、山田の収益剥奪をチャットで知る', '驚きつつどうせすぐ戻るやつでしょーとコメント']"
2022-02-14 18:12:20,name_2_words_msg_jp,0,False,UCHo-Ci6fvV005LMR6HH5ZzA,Fredrik Wahlgren,ただきっかけがどうあれセラアンは俺の悪口を言うわけだから、,['ただきっかけがどうあれセラアンは俺の悪口を言うわけだから、']
2022-02-14 18:12:20,name_2_words_msg_jp,0,False,UCIw8cyDvc1QdA9oTmdmKjHA,Герман hay,ロスアイは最初ばらばらやけど集まって村が出来たら最高やね ,['ロスアイは最初ばらばらやけど集まって村が出来たら最高やね']
2022-02-14 18:12:22,name_2_words_msg_jp,0,False,UCagbuijWrU8DTZ70l_oswNw,Dale Boyland,世界のCEO74%が22年自身がクビになることを心配,['世界のCEO74%が22年自身がクビになることを心配']
2022-02-14 18:12:22,name_2_words_msg_jp,0,False,UC1vvMkP-anGHyR-tGDqVpTg,bnnny hawell,一番迷惑掛けたのは家族なんだよなぁ……,['一番迷惑掛けたのは家族なんだよなぁ……']
2022-02-14 18:12:22,name_2_words_msg_jp,0,False,UCghTUcjYIt3qMisuL7NEJRA,Darron Loyd,前の放送で10500くらいだったから数日で800溶かすのが無理やね ,['前の放送で10500くらいだったから数日で800溶かすのが無理やね']
2022-02-14 18:12:23,name_2_words_msg_jp,0,False,UCgUzen7uBJwgDYNAlEmDmjQ,Eugene Morales,そんな大規模不正あったらYouTubeが発表するだろうよ ,['そんな大規模不正あったらYouTubeが発表するだろうよ']
2022-02-14 18:12:24,name_2_words_msg_jp,0,False,UCn8rgSlMZuRpZUoByMUqgCg,Camila Mendoza,いつもぺこらが率先して新作とか面白そうなゲーム見つけてくるし ,['いつもぺこらが率先して新作とか面白そうなゲーム見つけてくるし']
2022-02-14 18:12:24,name_2_words_msg_jp,0,False,UCmc2u3ybQkftkHRDmKI7U9g,Hasiker Kemen,山田｢韓国語？w何それw噛んだだけだけどw｣ ,['山田｢韓国語？w何それw噛んだだけだけどw｣']
2022-02-14 18:12:25,name_2_words_msg_jp,0,False,UCd8K0AHy4ORIjOznRwa8lmw,Kerilin nusolia,フブキその同接と売り上げで業界に通用できるとでも思ったのか？,['フブキその同接と売り上げで業界に通用できるとでも思ったのか？']
2022-02-14 18:12:26,name_2_words_msg_jp,0,False,UCoXKZeRHDtJ_oZ97jIes3Dw,Gervaise Monetti,かなアンは唐突にライン越えする奴と延々印象操作し続ける奴がいるな ,['かなアンは唐突にライン越えする奴と延々印象操作し続ける奴がいるな']
2022-02-14 18:12:27,name_2_words_msg_jp,0,False,UC8154dT0gAA2ffLxmR-6b7A,flora tenda,ただし、ファストトラベルの際も、その時の所持品と装備品をファストトラベル前の地点に落としてしまうため、失いたくないアイテムなどは収納ボックスなどに入れておく必要がある。,['ただし、ファストトラベルの際も、その時の所持品と装備品をファストトラベル前の地点に落としてしまうため、失いたくないアイテムなどは収納ボックスなどに入れておく必要がある。']
2022-02-14 18:12:27,name_2_words_msg_jp,0,False,UCSN3lCweZakAEY-0XR5JZug,Intajul Hasan,本配信開始の時消された人数>他の配信の合計だから複窓説はおかしい ,['本配信開始の時消された人数>他の配信の合計だから複窓説はおかしい']
2022-02-14 18:12:27,name_2_words_msg_jp,0,False,UCDXuSyyo3Tv-s_ijmY-vDlw,Shaneka Roades,月ノとか剣持って何でメンバーやってないんだ 企業として間違ってるだろ ,"['月ノとか剣持って何でメンバーやってないんだ', '企業として間違ってるだろ']"
2022-02-14 18:12:28,name_2_words_msg_jp,0,False,UCAortE-86evGXADKpW2CYrQ,samnathsa caknaerd,ポケモンカード好きと言いながらデッキも持ってない人が案件くるはずないだろ,['ポケモンカード好きと言いながらデッキも持ってない人が案件くるはずないだろ']
2022-02-14 18:12:29,name_2_words_msg_jp,0,False,UCpFHJ03LnaGG85LUwQ1dLUg,selard komae,ソロマスは？ 何言ってるんだこの子はうんうん ,"['ソロマスは？', '何言ってるんだこの子はうんうん']"
2022-02-14 18:12:29,name_2_words_msg_jp,0,False,UCV5IxBtrZ5gW6ww_ZsoqkwQ,Jeremy Knightzy,グルメもファッションも歌も日本の物が日本の若い女に一切刺さらなくなったって現実でしかない,['グルメもファッションも歌も日本の物が日本の若い女に一切刺さらなくなったって現実でしかない']
2022-02-14 18:12:29,name_2_words_msg_jp,0,False,UC8qyNBMWJ6bx1r0nz4hzn_Q,Tiffany Norrishh,中堅以下のホロメンにはありがたいよな ,['中堅以下のホロメンにはありがたいよな']
2022-02-14 18:12:29,name_2_words_msg_jp,0,False,UC1Sqs1--ySjcA7TsxE217IA,Rosamaria Speziale,クッキーとキャッシュ削除した、アプリも入れ直した。,['クッキーとキャッシュ削除した、アプリも入れ直した。']
2022-02-14 18:12:30,name_2_words_msg_jp,0,False,UC3utygRZ4JWSvglHAxbvu7Q,Varita Herik,お前らみたいなクズを取り締まる法律が必要だよ ヘイトスピーチ罰則化 ,"['お前らみたいなクズを取り締まる法律が必要だよ', 'ヘイトスピーチ罰則化']"
2022-02-14 18:12:31,name_2_words_msg_jp,0,False,UCC7fWx6TpspRWPFCIV2TdZg,Denver Rendel,スバルくらい健常だとある日いきなり結婚しても驚きはしても納得するかな 俺もV引退するわ ,"['スバルくらい健常だとある日いきなり結婚しても驚きはしても納得するかな', '俺もV引退するわ']"
2022-02-14 18:12:32,name_2_words_msg_jp,0,False,UCRcP7x4uD6FU4taZ6G7sqYw,jakir Hasina,ホロスタが配信頻度クソなのはロベル、アルおじとか以外普通に仕事してる兼業だからじゃないの？ ,['ホロスタが配信頻度クソなのはロベル、アルおじとか以外普通に仕事してる兼業だからじゃないの？']
2022-02-14 18:12:33,name_2_words_msg_jp,0,False,UCoKr3xI61ZXSmLyz-IwoXog,Hillttr James,海外版だとスーパーハイテンションになると主人公がスーパーサイヤ人みたいな髪型なるんよな ,['海外版だとスーパーハイテンションになると主人公がスーパーサイヤ人みたいな髪型なるんよな']
2022-02-14 18:12:33,id_in_block_list,0,False,UCnrx6EJx4R1to1NE5jLvnrA,Darron Loyd,私の収益だけでライブできる訳じゃ無い他のライバーのおかげでライブに出れるので ,['私の収益だけでライブできる訳じゃ無い他のライバーのおかげでライブに出れるので']
2022-02-14 18:12:34,name_2_words_msg_jp,0,False,UCmRIdsvKTWqCJLn7SV9empw,Edi Demiri,それで動きが息ピッタリの似たような感じになってしまったりもするね ,['それで動きが息ピッタリの似たような感じになってしまったりもするね']
2022-02-14 18:12:34,name_2_words_msg_jp,0,False,UCw-vS4m7D4D4I3L4OvKtNTA,Peonti Chinuni,会社のブランドアカウントCalliを使用してこの人に50人の登録者を贈りました。 ,['会社のブランドアカウントCalliを使用してこの人に50人の登録者を贈りました。']
2022-02-14 18:12:34,name_2_words_msg_jp,0,False,UCgc9871li6kqbruWFilbaCA,Robert fox,このスレ観てても思うけど なんでVオタとかアニオタってネトウヨ多いの ,"['このスレ観てても思うけど', 'なんでVオタとかアニオタってネトウヨ多いの']"
2022-02-14 18:12:36,name_2_words_msg_jp,0,False,UCfJZP1Cas0Qbl8AFmd56NLQ,Mulam Mahin,YAGOOの今までの実績がカバーだけだと思ってんのか ,['YAGOOの今までの実績がカバーだけだと思ってんのか']
2022-02-14 18:12:37,name_2_words_msg_jp,0,False,UCzGInvGTN8kXuVflw0h6Dzg,vLuis s Baku,メルさんとか通常ユーザーの9割がシャドウバンされてそうなんだが ,['メルさんとか通常ユーザーの9割がシャドウバンされてそうなんだが']
2022-02-14 18:12:37,name_2_words_msg_jp,0,False,UCBCVFo9ZsSP6MfXE6kqnLEA,Alban Dedja,確かにねねちのARKの画面個性に溢れてるなw ,['確かにねねちのARKの画面個性に溢れてるなw']
2022-02-14 18:12:38,name_2_words_msg_jp,0,False,UCoWoIxJ10JR2QIgqKvmpaTQ,brenda patricia,頼まれたらどうしようサングラス買った方がいいかな声,['頼まれたらどうしようサングラス買った方がいいかな声']
2022-02-14 18:12:39,name_2_words_msg_jp,0,False,UCebGvsBMKyf0XSq6uCC-UCQ,sonam jot,ホロはメンシ入ってないとほぼコメントは読まれないと思っていいからな… ,['ホロはメンシ入ってないとほぼコメントは読まれないと思っていいからな…']
2022-02-14 18:12:40,id_in_block_list,0,False,UCVWHQOI3rRW1uv86ZBwN0Aw,daveb davan y,オタク以外の国民を凍りつかせ、お茶の間に不気味さと恐怖心を与えた日清のカレーメシ。,['オタク以外の国民を凍りつかせ、お茶の間に不気味さと恐怖心を与えた日清のカレーメシ。']
2022-02-14 18:12:40,name_2_words_msg_jp,0,False,UC_ByjPctE8Aknhfa8T8SVcQ,kouer huioe,一番迷惑掛けたのは家族なんだよなぁ……,['一番迷惑掛けたのは家族なんだよなぁ……']
2022-02-14 18:12:40,name_2_words_msg_jp,0,False,UCDx4Oe3oTI0XF5rOGErgTqw,Kenton Carde,君自身が案件の作品の面白さを分からないまま他人に「面白い」と教えるつもり？wiki読んだぐらいで案件するとか笑わせるな,['君自身が案件の作品の面白さを分からないまま他人に「面白い」と教えるつもり？wiki読んだぐらいで案件するとか笑わせるな']
2022-02-14 18:12:41,name_2_words_msg_jp,0,False,UCmB2LKkPKU-OyEuKt13MLMg,Sam afterno,怖くなりましたまで読んで最後の文に気づいたのかあはは…今年はどうかなー映画で終わっちゃうかなー気が向いたらみてーみたいな感じで誤魔化した ,['怖くなりましたまで読んで最後の文に気づいたのかあはは…今年はどうかなー映画で終わっちゃうかなー気が向いたらみてーみたいな感じで誤魔化した']
2022-02-14 18:12:42,name_2_words_msg_jp,0,False,UCiYVo30Jh-vCheyFlAffQPw,Marivel Zorman,ホロメンが好きな訳じゃなくてあくまで「ホロを通してお前らと馴れ合う」事がメインだから ,['ホロメンが好きな訳じゃなくてあくまで「ホロを通してお前らと馴れ合う」事がメインだから']
2022-02-14 18:12:42,name_2_words_msg_jp,0,False,UCHnOlaXrJib80-cCc0AWptA,Sreti Sasurbahar,「ホロライブプロダクション」所属タレント全員がファンの皆様と楽しく交流できるよう、所属タレントに対するケアを含め、,['「ホロライブプロダクション」所属タレント全員がファンの皆様と楽しく交流できるよう、所属タレントに対するケアを含め、']
2022-02-14 18:12:43,name_2_words_msg_jp,0,False,UCkpD5BFcSfeMW9mhes0J-aA,mafi sehuion,そもそも嘘でもカードは対象者に選ばせるとかの形が必要なのに勝手に張り手に使うのは相当迷惑だろ ,['そもそも嘘でもカードは対象者に選ばせるとかの形が必要なのに勝手に張り手に使うのは相当迷惑だろ']
2022-02-14 18:12:43,name_2_words_msg_jp,0,False,UChSDSF0byNnACzAU8gs3UrQ,Carmen Harth,別にゲーム配信しなきゃいけないって決まりはない ,['別にゲーム配信しなきゃいけないって決まりはない']
2022-02-14 18:12:43,name_2_words_msg_jp,0,False,UC0OukN7tYfBAsHoavJiXyCQ,Fae Petropoulos,いうほどクロエトップとってるか？ ,['いうほどクロエトップとってるか？']
2022-02-14 18:12:44,name_2_words_msg_jp,0,False,UC72VroiUSaAxpynybydPiHA,Akssgs Jsvdgs,朝方、過去の泉先生とのさぎょイプ匂わせのリークがあった気がしたけどそんなことはなかったぜ！,['朝方、過去の泉先生とのさぎょイプ匂わせのリークがあった気がしたけどそんなことはなかったぜ！']
2022-02-14 18:12:44,name_2_words_msg_jp,0,False,UCbhrp4-5pLcjfWb7v78cCNw,Haris thanis,すまん、同接クイーンの座から落ちたぺこらはこれからじわじわと箱内での求心力・特別感も失うと思うけど ,['すまん、同接クイーンの座から落ちたぺこらはこれからじわじわと箱内での求心力・特別感も失うと思うけど']
2022-02-14 18:12:45,name_2_words_msg_jp,0,False,UCNU2QkbY3P3I5mpKoQZHfKQ,Leandro Steiger,お前ら本当にゲーム配信みてて楽しい？惰性になってない？ ,['お前ら本当にゲーム配信みてて楽しい？惰性になってない？']
2022-02-14 18:12:45,name_2_words_msg_jp,0,False,UCR0bKMmuhWdUdgPAahZzMmw,Christian Cornwall,お前らが社命でAちゃんみたいに広報やれって言われたらどうすんの？ 断って退社する？ ,"['お前らが社命でAちゃんみたいに広報やれって言われたらどうすんの？', '断って退社する？']"
2022-02-14 18:12:45,name_2_words_msg_jp,0,False,UCMt7jszTzQiruNwjQEjvbow,Justin Leblan,な？アフィカス記事ができない流れになると ,['な？アフィカス記事ができない流れになると']
2022-02-14 18:12:46,name_2_words_msg_jp,0,False,UCWmZKrOLzCWwAgJjV6gELsg,Dabjani Johora,同接下がるほどコメント拾われるようになるから飼育員も嬉しい ,['同接下がるほどコメント拾われるようになるから飼育員も嬉しい']
2022-02-14 18:12:47,name_2_words_msg_jp,0,False,UCk44wz1so_UkMEmpgMco_Og,macbee thang,あっちの主題歌は別で、こっちP丸様のオリ曲なのね ,['あっちの主題歌は別で、こっちP丸様のオリ曲なのね']
2022-02-14 18:12:47,name_2_words_msg_jp,0,False,UCTxaxYUwltDni-IbOlFviTQ,Călin pic,日本酒だって古酒系は1升で5万とかするのあるしな ,['日本酒だって古酒系は1升で5万とかするのあるしな']
2022-02-14 18:12:47,name_2_words_msg_jp,0,False,UCnBej6glheeklOCwPhHXCsw,John samtr,この国から言論の自由は消え失せた ,['この国から言論の自由は消え失せた']
2022-02-14 18:12:47,name_2_words_msg_jp,0,False,UCEyFVI_lUEYiqamJiDepRog,Mac Martell,たしかココが西成サーバー見学とかいうやつやったときめちゃくちゃでかいゲーミングカラービルとかあったよな ,['たしかココが西成サーバー見学とかいうやつやったときめちゃくちゃでかいゲーミングカラービルとかあったよな']
2022-02-14 18:12:48,name_2_words_msg_jp,0,False,UCRpqUjR_dLT0pL7nVCWTI3g,Kadin Burch,ホロライブってなんでこんなにコメントの流れ早いんだ？ ,['ホロライブってなんでこんなにコメントの流れ早いんだ？']
2022-02-14 18:12:48,name_2_words_msg_jp,0,False,UCykBTuUkyZyuMMSAG6TIGdg,Irene Wickman,クロエは最初の全読み宣言が最大の失敗だったな ,['クロエは最初の全読み宣言が最大の失敗だったな']
2022-02-14 18:12:48,name_2_words_msg_jp,0,False,UCTNqE4jKeQvYkXMiQCaVCyQ,Fezila milu,6期の30分ずつ被らせる謎のリレーはなんなの ,['6期の30分ずつ被らせる謎のリレーはなんなの']
2022-02-14 18:12:48,name_2_words_msg_jp,0,False,UCGdZY92J-dGi8C8_rNUvZYw,Jude Louissaint,合コンがメインならすんません余計なお世話っしただけど ,['合コンがメインならすんません余計なお世話っしただけど']
2022-02-14 18:12:48,name_2_words_msg_jp,0,False,UCgK5Uc4UiMNshszm_Jo0QHQ,Christel Longaker,このために普段から擁護サイドにいると言っても過言ではない ,['このために普段から擁護サイドにいると言っても過言ではない']
2022-02-14 18:12:49,name_2_words_msg_jp,0,False,UCI5gOcNUWRfiPt9qrCSJ1Ag,gosen jannrty,まぁ面白さに関しては今後改善されていく可能性は無くもないから… ,['まぁ面白さに関しては今後改善されていく可能性は無くもないから…']
2022-02-14 18:12:50,name_2_words_msg_jp,0,False,UCCt7w1k_QiuKU0lJi6RGqdg,Casper Blomberg,才能あった演者は才能が枯渇したか強くなったブランド力に胡座をかくだけになった ,['才能あった演者は才能が枯渇したか強くなったブランド力に胡座をかくだけになった']
2022-02-14 18:12:50,name_2_words_msg_jp,0,False,UCEcd2PPtkBS0ldtA5zcQzUA,Dale Boyland,ラミィちゃんの昨日のARK見てるけどマジでかわいいよな,['ラミィちゃんの昨日のARK見てるけどマジでよな']
2022-02-14 18:12:50,name_2_words_msg_jp,0,False,UCriK6pTRuheUF2R84tYDeng,pericd lai,まぁ最後のゲームで幽霊の正体が化け狐だったからフブキさんと思えが最後に会いに来たと思えば安いもんやね！,['まぁ最後のゲームで幽霊の正体が化け狐だったからフブキさんと思えが最後に会いに来たと思えば安いもんやね！']
2022-02-14 18:12:50,name_2_words_msg_jp,0,False,UC67l1In2avqJ_knTd1pB63w,Marylou Wash,ENの客外人だからここで騒いでも意味ないだろ 英訳して外人とアトルしてこい ,"['ENの客外人だからここで騒いでも意味ないだろ', '英訳して外人とアトルしてこい']"
2022-02-14 18:12:51,name_2_words_msg_jp,0,False,UCnRGqzPikfMwVzjHcriFfBA,Malaya Zaired,ぶっちゃけトワの方が狙われると思うわ ,['ぶっちゃけトワの方が狙われると思うわ']
2022-02-14 18:12:52,id_in_block_list,0,False,UCTxaxYUwltDni-IbOlFviTQ,Călin pic,そのコンボは尊いぜ白上ぃ！あ、多分そいつは塗装されたあk…,['そのコンボは尊いぜ白上ぃ！あ、多分そいつは塗装されたあk…']
2022-02-14 18:12:52,name_2_words_msg_jp,0,False,UCDkh9QiNwdl02Ja0StgLPoA,Rebecca Becke,出すの控えなきゃとか考えてたんだけどよく考えたら仕事以外ほとんど外出んかった,['出すの控えなきゃとか考えてたんだけどよく考えたら仕事以外ほとんど外出んかった']
2022-02-14 18:12:53,name_2_words_msg_jp,0,False,UCHgu68KzJj_UrmoaUKnyQrQ,Kat Seys,ガッキーと星野が結婚する前まで予想してるやつ多くなかったし。 ,['ガッキーと星野が結婚する前まで予想してるやつ多くなかったし。']
2022-02-14 18:12:53,name_2_words_msg_jp,0,False,UCIeCy4MHjBoN8iXLQSbBrMw,denni kolas,「スタンプ文化はマジでっ！やめたほうがいい」と言及してたから可能性大だと思うよ ,['「スタンプ文化はマジでっ！やめたほうがいい」と言及してたから可能性大だと思うよ']
2022-02-14 18:12:54,name_2_words_msg_jp,0,False,UCTQmxHgDzN_huUVfXgamSGw,sagoi reoue,長時間雑談しながらスパチャ読みするルシアとかいう化け物 ,['長時間雑談しながらスパチャ読みするルシアとかいう化け物']
2022-02-14 18:12:55,name_2_words_msg_jp,0,False,UCGnFFk7fLkr4jObfbKWJIaQ,Tara Cason,国民的コンテンツポケモンの最新作が控えてて発売されれば実況やオタク界隈は間違いなく一時的なお祭り状態になる ,['国民的コンテンツポケモンの最新作が控えてて発売されれば実況やオタク界隈は間違いなく一時的なお祭り状態になる']
2022-02-14 18:12:56,name_2_words_msg_jp,0,False,UCJGICKIXlEAw9I-K0X2-tVA,Julien Julyie,かなたやフレアが既にアホほどやり込んでるから新コンテンツクリアしてマウント取ることもまず無理なのに ,['かなたやフレアが既にアホほどやり込んでるから新コンテンツクリアしてマウント取ることもまず無理なのに']
2022-02-14 18:12:56,name_2_words_msg_jp,0,False,UCg6BM94wQCTwhd18QIsx7LA,Elliott Lehr,ゴキブリ瀕死状態。しかしゴキブリが外に出たいとの事 ,['ゴキブリ瀕死状態。しかしゴキブリが外に出たいとの事']
2022-02-14 18:12:56,name_2_words_msg_jp,0,False,UCBHOV_ZH-vO1ytJ4Cubo6pw,Allon musk,あくあはねぇ 予選敗退なんだよ 現実を見ろ ,"['あくあはねぇ', '予選敗退なんだよ', '現実を見ろ']"
2022-02-14 18:12:56,slow_mode_hit,0,False,UC_xOgV8ICyj96iVmD1LXQ2A,頗る[すこぶる]平和CE,フブキグの解説わかりやすくてええな,['フブキグの解説わかりやすくてええな']
2022-02-14 18:12:56,slow_mode_hit,0,False,UC_xOgV8ICyj96iVmD1LXQ2A,頗る[すこぶる]平和CE,嘘つきが見破ったの辛いよね…言い返さないだから後ろで悪口しかできなくなった,['嘘つきが見破ったの辛いよね…言い返さないだから後ろで悪口しかできなくなった']
2022-02-14 18:12:56,id_in_block_list,0,False,UC_xOgV8ICyj96iVmD1LXQ2A,頗る[すこぶる]平和CE,えーちゃんが頑張ってるから、営業宣伝も結果出せないフブちゃん必要なくなったね,['えーちゃんが頑張ってるから、営業宣伝も結果出せないフブちゃん必要なくなったね']
2022-02-14 18:12:56,id_in_block_list,0,False,UC_xOgV8ICyj96iVmD1LXQ2A,頗る[すこぶる]平和CE,ポケモンード好きと言いながらデッキも持ってない人が案件くるはずないだろ,['ポケモンード好きと言いながらデッキも持ってない人が案件くるはずないだろ']
2022-02-14 18:12:56,id_in_block_list,0,False,UC_xOgV8ICyj96iVmD1LXQ2A,頗る[すこぶる]平和CE,二年前お前が他のホロメンの企画を奪ったに、今自分も同じ目に遭うことを想像したか？,['二年前お前が他のホロメンの企画を奪ったに、今自分も同じ目に遭うことを想像したか？']
2022-02-14 18:12:56,id_in_block_list,0,False,UC_xOgV8ICyj96iVmD1LXQ2A,頗る[すこぶる]平和CE,今まで中国では炎上やすいという嘘で何人のVTuberを騙してきたの？もちろん君によって卒業まで追い詰め桐生ココも含めてよ,['今まで中国では炎上やすいという嘘で何人のVTuberを騙してきたの？もちろん君によって卒業まで追い詰め桐生ココも含めてよ']
2022-02-14 18:12:56,name_2_words_msg_jp,0,False,UC0D_ahX6POnRYS2pQzNqbaQ,Shay Mccartney,遊戯王とかオワコンだと思ってたからバフになってるのが意外だわ ,['遊戯王とかオワコンだと思ってたからバフになってるのが意外だわ']
2022-02-14 18:12:56,name_2_words_msg_jp,0,False,UCCzMpPvl-GDyYXBoYWh7Z4g,Delpha Steady,自己中心的で過剰な自己愛にまみれたスウジーだし周りの迷惑も省みず好き勝手に行動する,['自己中心的で過剰な自己愛にまみれたスウジーだし周りの迷惑も省みず好き勝手に行動する']
2022-02-14 18:12:57,name_2_words_msg_jp,0,False,UCssF0MqNePbqQB6MKRyLoGA,Fince For ih,本日21時は邪神ころねをプレイ予定です！ホラゲー納め,['本日21時は邪神ころねをプレイ予定です！ホラゲー納め']
2022-02-14 18:12:57,name_2_words_msg_jp,0,False,UCTx4HmAD4wobhxhHtDqF7PQ,Jino Kerpa,ちゃんとスポ根コンテンツ見せたいなら 大会は男と女は分けた方がよくね？ ,"['ちゃんとスポ根コンテンツ見せたいなら', '大会は男と女は分けた方がよくね？']"
2022-02-14 18:12:58,id_in_block_list,0,False,UCzGInvGTN8kXuVflw0h6Dzg,vLuis s Baku,情報屋として両方から稼ぎたいけど信用が無くなったフブちゃんは今どんな気持ち？,['情報屋として両方から稼ぎたいけど信用が無くなったフブちゃんは今どんな気持ち？']
2022-02-14 18:12:58,name_2_words_msg_jp,0,False,UCm_pICJXOUppahIPLO3o8yA,Nesko deal,みこちの目撃情報がガチならかなり期待しちゃうぞ,['みこちの目撃情報がガチならかなり期待しちゃうぞ']
2022-02-14 18:12:59,id_in_block_list,0,False,UCBCVFo9ZsSP6MfXE6kqnLEA,Alban Dedja,けど六期生にはなんも無さそう ,['けど六期生にはなんも無さそう']
2022-02-14 18:13:00,name_2_words_msg_jp,0,False,UCGhwWYuNCmxIX5ZNyp_GRGg,john carry,山田トワの様対決みたいに こよも対決してみこちからにぇを取り上げるんだ ,"['山田トワの様対決みたいに', 'こよも対決してみこちからにぇを取り上げるんだ']"
2022-02-14 18:13:00,name_2_words_msg_jp,0,False,UCaDwd8gQ8wyHksN-ASDpAvQ,Barrett Petree,それでいてノリがアンスレっぽくもあるし何をどうすればアレが出来上がるのか気になって仕方ない ,['それでいてノリがアンスレっぽくもあるし何をどうすればアレが出来上がるのか気になって仕方ない']
2022-02-14 18:13:01,name_2_words_msg_jp,0,False,UCG_iUmU5SWgalI5ZLAiX7Aw,ferendo danuska,レオ君キリっとしつつもかわいいｗこのクリスマスプレゼントで金コイ釣れるのを祈ってますぞい！,['レオ君キリっとしつつもｗこのクリスマスプレゼントで金コイ釣れるのを祈ってますぞい！']
2022-02-14 18:13:01,id_in_block_list,0,False,UCHgu68KzJj_UrmoaUKnyQrQ,Kat Seys,まつりごときにコメント無視されたんだけどなんなんこいつ ,['まつりごときにコメント無視されたんだけどなんなんこいつ']
2022-02-14 18:13:02,name_2_words_msg_jp,0,False,UCj_Envk620LlMo4UzyepDaw,Deni Buffy,今じゃガンガン張られまくってるし突っ込まれる所かレス付きまくってるからな ,['今じゃガンガン張られまくってるし突っ込まれる所かレス付きまくってるからな']
2022-02-14 18:13:02,name_2_words_msg_jp,0,False,UCYvCCTEsm4kBBGe1_saX5cA,Anesta bella,繊維・皮・木材などの資源を集め、衣服・住居・武器などを全て自分でクラフトする必要がある。,['繊維・皮・木材などの資源を集め、衣服・住居・武器などを全て自分でクラフトする必要がある。']
2022-02-14 18:13:02,name_2_words_msg_jp,0,False,UCeZh6T8SI7U8osYCYznhI_A,Nutul mux,最悪逆にファンネル飛んできて謝罪するはめになるし誰も張り手しなくなるだろうな ,['最悪逆にファンネル飛んできて謝罪するはめになるし誰も張り手しなくなるだろうな']
2022-02-14 18:13:03,id_in_block_list,0,False,UC_xOgV8ICyj96iVmD1LXQ2A,頗る[すこぶる]平和CE,具体的な分け方がまだ決まってないから財務諸表が出せないというのもある。ただ君一つだけ当たってるよ、キツネは確かにその中に入ってる。,['具体的な分け方がまだ決まってないから財務諸表が出せないというのもある。ただ君一つだけ当たってるよ、キツネは確かにその中に入ってる。']
2022-02-14 18:13:03,name_2_words_msg_jp,0,False,UChRXfLoaHt03IerYDBXUMOw,john martin,プロファイラーの俺が分析結果出すわ まず、軽井沢はガチ ,"['プロファイラーの俺が分析結果出すわ', 'まず、軽井沢はガチ']"
2022-02-14 18:13:04,slow_mode_hit,0,False,UCUdNnuYVoYpYgEqECYT4hWg,平凡人,フブちゃんもわためぇに拒否されたみたいね、イエスマンホロメンしか付き合えいかな,['フブちゃんもわためぇに拒否されたみたいね、イエスマンホロメンしか付き合えいかな']
2022-02-14 18:13:04,slow_mode_hit,0,False,UCUdNnuYVoYpYgEqECYT4hWg,平凡人,フブギって可愛いし健常だし歌演技もできるし非の打ち所ないんだけど熱心に推す気になれないのは一切フブキという仮面が剥がれないからなんだよな,['フブギって可愛いし健常だし歌演技もできるし非の打ち所ないんだけど熱心に推す気になれないのは一切フブキという仮面が剥がれないからなんだよな']
2022-02-14 18:13:04,id_in_block_list,0,False,UCUdNnuYVoYpYgEqECYT4hWg,平凡人,家を裏切ったフブちゃんは、今更家族に頼りになる？,['家を裏切ったフブちゃんは、今更家族に頼りになる？']
2022-02-14 18:13:04,id_in_block_list,0,False,UCUdNnuYVoYpYgEqECYT4hWg,平凡人,君の家族は、何処にもいいよ,['君の家族は、何処にもいいよ']
2022-02-14 18:13:05,name_2_words_msg_jp,0,False,UCFEC9NEagwVBP4DwDqcDfng,aron leka,よかったTwitterはこよりの一方通行じゃなかったんだ先輩たちもこよを愛してくれてるもっともっと頑張ろう ,['よかったTwitterはこよりの一方通行じゃなかったんだ先輩たちもこよを愛してくれてるもっともっと頑張ろう']
2022-02-14 18:13:05,name_2_words_msg_jp,0,False,UCY9flWQSyG9i41kVEG0_BrQ,Erion Duro,エッジ、クローム、ファイアフォックス、専用ブラで５窓x2するつもりでいる ,['エッジ、クローム、ファイアフォックス、専用ブラで５窓x2するつもりでいる']
2022-02-14 18:13:06,name_2_words_msg_jp,0,False,UC2zlUqEgV8B9lmvZDOySVXQ,Jurax Heria,ホロメンの防御意識高くなりすぎてるから つよ杯で波乱起こそうとするやつ少なそう ,"['ホロメンの防御意識高くなりすぎてるから', 'つよ杯で波乱起こそうとするやつ少なそう']"
2022-02-14 18:13:07,name_2_words_msg_jp,0,False,UCe-HaudbTqNRaS0o2rdnkCw,Teodora Pevy,全アイテム20個は持ってたけど安いもんよ！つい出した時間約1年と4ヶ月なんて安いよ!,['全アイテム20個は持ってたけど安いもんよ！つい出した時間約1年と4ヶ月なんて安いよ!']
2022-02-14 18:13:07,name_2_words_msg_jp,0,False,UCLo6-SCAsSicBNyqz7f6SRQ,Xander Pena,#兎田ぺこら 分に関しては、他の3期生と数を合わせるように新衣装制作を進めております。,"['#兎田ぺこら', '分に関しては、他の3期生と数を合わせるように新衣装制作を進めております。']"
2022-02-14 18:13:07,name_2_words_msg_jp,0,False,UCtIjkfP6-LbUWbEfyeyKclw,Roland Zane,まぁ今日は副窓必須枠無いからまだ耐えれるけど… ,['まぁ今日は副窓必須枠無いからまだ耐えれるけど…']
2022-02-14 18:13:07,name_2_words_msg_jp,0,False,UCbVeXj1ubkTJvQihXzcaG9A,Jimmie Elij,子供を応援的なメンシじゃなくて恋方面なんかな ,['子供を応援的なメンシじゃなくて恋方面なんかな']
2022-02-14 18:13:07,name_2_words_msg_jp,0,False,UCI60P25D3FynmU-vStYo9gQ,Kitty Danny Chavezgh,録画ならアクターじゃなくても、エンジニアの調整でどうにでもなる ,['録画ならアクターじゃなくても、エンジニアの調整でどうにでもなる']
2022-02-14 18:13:08,id_in_block_list,0,False,UCGdZY92J-dGi8C8_rNUvZYw,Jude Louissaint,ルッキズムに染まった差別思想...助手離職するわ ,['ルッキズムに染まった差別思想...助手離職するわ']
2022-02-14 18:13:08,name_2_words_msg_jp,0,False,UC5r7iOqu0gqCwk3Izq4cp5g,Sean Odom,これが続けば数字の低下からブラバ率上昇、新規流入低下で全体的に数字が落ち始めたら終わりの始まり ,['これが続けば数字の低下からブラバ率上昇、新規流入低下で全体的に数字が落ち始めたら終わりの始まり']
2022-02-14 18:13:09,name_2_words_msg_jp,0,False,UCoWnKmj2s50hTa8DhRBwj_w,caroal arnolfe,ぶっちゃけあくたんがマリカ配信するって知った時お前らめっちゃ嬉しかっただろ？ ,['ぶっちゃけあくたんがマリカ配信するって知った時お前らめっちゃ嬉しかっただろ？']
2022-02-14 18:13:09,name_2_words_msg_jp,0,False,UCd_5pXRzwvnb7Z7YRzQtk0A,yeam leemin,あっちは全員ほぼ毎日配信してるのに ,['あっちは全員ほぼ毎日配信してるのに']
2022-02-14 18:13:09,name_2_words_msg_jp,0,False,UC9vDyG_rVrob5vXBNaSiSXw,bwov bsik,かなたが今日の練習なしでつよ杯に行ける可能性がちょっと下がったから悲しい,['かなたが今日の練習なしでつよ杯に行ける可能性がちょっと下がったから悲しい']
2022-02-14 18:13:09,name_2_words_msg_jp,0,False,UC81LG_xCjRUKGjMgedAIZdQ,Ricardo Cooper,ホロメンは人気が皆平等じゃないといけないって思想のリスナーが人気メンバーとそのファンを攻撃してるんだろうな ,['ホロメンは人気が皆平等じゃないといけないって思想のリスナーが人気メンバーとそのファンを攻撃してるんだろうな']
2022-02-14 18:13:10,name_2_words_msg_jp,0,False,UCmofRaqP5XakuAcJ5rAPfaA,I Hiro,フブキングがんばった！(´ω｀),['フブキングがんばった！(´ω｀)']
2022-02-14 18:13:10,name_2_words_msg_jp,0,False,UCOz8hF6ZNuNzd8N_K7BUlyg,Iris Velasquez,こういう奴はネットつかうべきじゃないよアナログの電話でも使ってろと言う感じ ,['こういう奴はネットつかうべきじゃないよアナログの電話でも使ってろと言う感じ']
2022-02-14 18:13:12,name_2_words_msg_jp,0,False,UC1keXkOaVi673ABTX8QlSNA,Edi Frashëri,配信いっぱいあるしメン限スペースもするよ,['配信いっぱいあるしメン限スペースもするよ']
2022-02-14 18:13:12,name_2_words_msg_jp,0,False,UCPaO8yEqz7cQqjROIPLcxEg,febieno morgan,とにかくあんまり配信を見てきてなくて私たちの配信でVtuberの配信初めて！ ,['とにかくあんまり配信を見てきてなくて私たちの配信でVtuberの配信初めて！']
2022-02-14 18:13:13,name_2_words_msg_jp,0,False,UCWPQwDjXYhvyrJZesWYnPrg,Winford Alves,もしかしてここって月収60万円以上いない？ ,['もしかしてここって月収60万円以上いない？']
2022-02-14 18:13:14,name_2_words_msg_jp,0,False,UCQVuewLsePFiJXH7o-d2zHg,Kamina Karim,ぺっさんひまっさんのV二大巨頭がARKコラボしたらとんでもない数字が出るんちゃうか？ ,['ぺっさんひまっさんのV二大巨頭がARKコラボしたらとんでもない数字が出るんちゃうか？']
2022-02-14 18:13:15,name_2_words_msg_jp,0,False,UCU5k7mJnLjQPRW20PD3yJCw,earlee dupreel,ファンボ入ってスパチャ投げる方が断然得なんだけど,['ファンボ入ってスパチャ投げる方が断然得なんだけど']
2022-02-14 18:13:15,name_2_words_msg_jp,0,False,UCP5vvQKDi9p2F-NR5_P_h6w,samir hoxa,など、至極真っ当な感想が並ぶ。しかし、ホロライブとのコラボですっかり仲間意識を持ったオタクは、,['など、至極真っ当な感想が並ぶ。しかし、ホロライブとのコラボですっかり仲間意識を持ったオタクは、']
2022-02-14 18:13:17,id_in_block_list,0,False,UCTxaxYUwltDni-IbOlFviTQ,Călin pic,ここにいてためになった数少ないことの一つが、 ,['ここにいてためになった数少ないことの一つが、']
2022-02-14 18:13:17,name_2_words_msg_jp,0,False,UCvPCdMz_uHB-Ynp7_UJ7Wxw,Cyril Sinistore,イヴちゃんは実在する女の子で話したことがある ,['イヴちゃんは実在する女の子で話したことがある']
2022-02-14 18:13:18,name_2_words_msg_jp,0,False,UCzEyyDkpH9EH_AhURQZXjXQ,Vincent gra,YouTube「スクリーンショットをありがとうございます。,['YouTube「スクリーンショットをありがとうございます。']
2022-02-14 18:13:22,name_2_words_msg_jp,0,False,UCX5rpKhoNMqkH5QVXnX0ixQ,Risuni Nikas,マリカなら100万同接いけるって計算 ,['マリカなら100万同接いけるって計算']
2022-02-14 18:13:24,name_2_words_msg_jp,0,False,UCsSgO05XnQTfyNyoAQKpI4g,Munsad Axim,YouTubeのコミュニティガイドラインに基づき同氏のYouTubeチャンネルは停止される見込みで、,['YouTubeのコミュニティガイドラインに基づき同氏のYouTubeチャンネルは停止される見込みで、']
2022-02-14 18:13:25,id_in_block_list,0,False,UCGdZY92J-dGi8C8_rNUvZYw,Jude Louissaint,俺もルーナにブロックされたからアカウント消して作り直したから真似していいぞ ,['俺もルーナにブロックされたからアカウント消して作り直したから真似していいぞ']
2022-02-14 18:13:25,name_2_words_msg_jp,0,False,UClXRwMH_g2JG-IrjvpT9SAA,tommie hoier,ファイブルーツ　採用担当者様 お世話になります応募しました吉田かつひこと申します。 ,"['ファイブルーツ\u3000採用担当者様', 'お世話になります応募しました吉田かつひこと申します。']"
2022-02-14 18:13:25,name_2_words_msg_jp,0,False,UC77BictZ8uYvr4JK0pSQ0DA,lema haitin,統計データを元にした一覧表。著者が症例報告を基に作成 ,['統計データを元にした一覧表。著者が症例報告を基に作成']
2022-02-14 18:13:28,name_2_words_msg_jp,0,False,UC_Kfhc-WKcIXyyGE0CbU01w,Ngân Hà Mai,ときのそらたち姉妹によるユニット＝ジ・エイプリルフールズを結成し、,['ときのそらたち姉妹によるユニット＝ジ・エイプリルフールズを結成し、']
2022-02-14 18:13:29,name_2_words_msg_jp,0,False,UChG9RcPZ-lbpir3BC7z3XcA,Mae Obriend,クロヱはスパチャ読みやり方考えるっていうから一瞬見直したけど三時間までとかいってやっぱ駄目だと思った ,['クロヱはスパチャ読みやり方考えるっていうから一瞬見直したけど三時間までとかいってやっぱ駄目だと思った']
2022-02-14 18:13:29,name_2_words_msg_jp,0,False,UCGcwtxQmXszAA8qsGPYdfrA,Londyn Blankenship,もしかしてYouTubeプレミアムもメンバーシップだからダメってこと？ ,['もしかしてYouTubeプレミアムもメンバーシップだからダメってこと？']
2022-02-14 18:13:30,name_2_words_msg_jp,0,False,UCxxxtFU973a-OkRbTK9vZdg,edi kola,喉ダメになって歌枠出来ないからパスパルトゥーやりやすいからでしょ ,['喉ダメになって歌枠出来ないからパスパルトゥーやりやすいからでしょ']
2022-02-14 18:13:31,name_2_words_msg_jp,0,False,UCd7ZguuqmGDB0l1xH2mT_Lg,David smith,再生数から見ても視聴者15万人以上はいたぽいし、ぺこら渾身の企画だけあってマジで勿体無いなかったな。公式記録に数字として残らん ,['再生数から見ても視聴者15万人以上はいたぽいし、ぺこら渾身の企画だけあってマジで勿体無いなかったな。公式記録に数字として残らん']
2022-02-14 18:13:34,name_2_words_msg_jp,0,False,UC1ISDZ7sLdKoJ6sqzJouVaw,Laronda Vail,先行するどの国でも初動凄まじい勢いで広がり1ヶ月弱でピークアウトへ。,['先行するどの国でも初動凄まじい勢いで広がり1ヶ月弱でピークアウトへ。']
2022-02-14 18:13:34,name_2_words_msg_jp,0,False,UCLS1HHikM6tOew-7rnsa3pA,finiu gabuna,やりたいこと沢山やっていくぞぉー！！！ みんなで一緒に夢を叶える、またそんな一年にしたいです。,"['やりたいこと沢山やっていくぞぉー！！！', 'みんなで一緒に夢を叶える、またそんな一年にしたいです。']"
2022-02-14 18:14:00,name_2_words_msg_jp,0,False,UC9Tyx19EawYPL1FMflgu49Q,Ka i zy,お疲れ様ー！次はAちゃん参戦に期待ｗ,['お疲れ様ー！次はAちゃん参戦に期待ｗ']
